{
  "timestamp": "2025-07-24 14:58:28",
  "data_info": {
    "total_samples": 33493,
    "training_samples": 23445,
    "test_samples": 10048,
    "features": 27,
    "class_balance_train": [
      20169,
      3276
    ],
    "class_balance_test": [
      8644,
      1404
    ]
  },
  "model_results": {
    "Advanced_RF": {
      "auc": 0.9787974399843904,
      "accuracy": 0.9538216560509554,
      "precision": 0.7800953516090584,
      "recall": 0.9323361823361823,
      "f1": 0.8494484101232965,
      "mcc": 0.8269899717207578
    },
    "Neural_Network": {
      "auc": 0.9786722770005973,
      "accuracy": 0.9510350318471338,
      "precision": 0.8106267029972752,
      "recall": 0.8475783475783476,
      "f1": 0.8286908077994429,
      "mcc": 0.8004131009146501
    },
    "Ensemble": {
      "auc": 0.9710982273164134,
      "accuracy": 0.9502388535031847,
      "precision": 0.8424242424242424,
      "recall": 0.792022792022792,
      "f1": 0.8164464023494861,
      "mcc": 0.7881976185410163
    },
    "SMOTE_Enhanced": {
      "auc": 0.9718861196475727,
      "accuracy": 0.9513335987261147,
      "precision": 0.7683284457478006,
      "recall": 0.9330484330484331,
      "f1": 0.8427146992602123,
      "mcc": 0.8196218926646545
    }
  },
  "best_model": {
    "name": "Advanced_RF",
    "metrics": {
      "auc": 0.9787974399843904,
      "accuracy": 0.9538216560509554,
      "precision": 0.7800953516090584,
      "recall": 0.9323361823361823,
      "f1": 0.8494484101232965,
      "mcc": 0.8269899717207578
    }
  },
  "improvements": {}
}